age,diagnosis rate
13-24,0.00965013
25-34,0.013879715
35-44,0.010883204
45-54,0.006925434
55+,0.001542269
