age,mortality rate
13-24,0.0060580
25-34,0.0094945
35-44,0.0128336
45-54,0.0180011
55+,0.0304248
